<?xml version="1.0" encoding="UTF-8"?>
<project-private xmlns="http://www.netbeans.org/ns/project-private/1">
    <editor-bookmarks xmlns="http://www.netbeans.org/ns/editor-bookmarks/2" lastBookmarkId="0"/>
    <open-files xmlns="http://www.netbeans.org/ns/projectui-open-files/2">
        <group>
            <file>file:/home/wonfix/Escritorio/UNI/PCD/Practica_4/Practica4/src/practica/CanvasPila.java</file>
            <file>file:/home/wonfix/Escritorio/UNI/PCD/Practica_4/Practica4/src/practica/Consumidor.java</file>
            <file>file:/home/wonfix/Escritorio/UNI/PCD/Practica_4/Practica4/src/practica/IPila.java</file>
            <file>file:/home/wonfix/Escritorio/UNI/PCD/Practica_4/Practica4/src/practica/PilaFrame.java</file>
            <file>file:/home/wonfix/Escritorio/UNI/PCD/Practica_4/Practica4/src/practica/PilaLenta.java</file>
            <file>file:/home/wonfix/Escritorio/UNI/PCD/Practica_4/Practica4/src/practica/Productor.java</file>
        </group>
    </open-files>
</project-private>
